id,order_number,ticket_name,ticket_price,printed,promo_code_id,checked_in
165057-561210,165057,$50 Gift Certificate,5000,False,,False
61125-797249,61125,$100 Gift Certificate,10000,False,,False
34509-812469,34509,$50 Gift Certificate,5000,False,,False
162560-987215,162560,$100 Gift Certificate,10000,False,,False
128283-775422,128283,$50 Gift Certificate,5000,False,,False
128283-065828,128283,$50 Gift Certificate,5000,False,,False
128283-717785,128283,$50 Gift Certificate,5000,False,,False
19317-464095,19317,$75 Gift Certificate,7500,False,,False
54377-416736,54377,$50 Gift Certificate,5000,False,,False
55607-135023,55607,$100 Gift Certificate,10000,False,,False
57084-939541,57084,$50 Gift Certificate,5000,False,,False
128474-744275,128474,$100 Gift Certificate,10000,False,,False
156169-298278,156169,$50 Gift Certificate,5000,False,,False
82639-925145,82639,$25 Gift Certificate,2500,False,,False
82639-382633,82639,$50 Gift Certificate,5000,False,,False
57821-467786,57821,$100 Gift Certificate,10000,False,,False
57821-127813,57821,$100 Gift Certificate,10000,False,,False
31990-203937,31990,$50 Gift Certificate,5000,False,,False
31990-085113,31990,$50 Gift Certificate,5000,False,,False
54081-050531,54081,$50 Gift Certificate,5000,False,,False
54081-827281,54081,$50 Gift Certificate,5000,False,,False
127146-579275,127146,$50 Gift Certificate,5000,False,,False
122554-495626,122554,$100 Gift Certificate,10000,False,,False
55838-759530,55838,$100 Gift Certificate,10000,False,,False
57782-557135,57782,$50 Gift Certificate,5000,False,,False
156206-031046,156206,$50 Gift Certificate,5000,False,,False
61165-285431,61165,$25 Gift Certificate,2500,False,,False
61165-992831,61165,$50 Gift Certificate,5000,False,,False
53900-071375,53900,$50 Gift Certificate,5000,False,,False
123499-256986,123499,$25 Gift Certificate,2500,False,,False
52945-041760,52945,$50 Gift Certificate,5000,False,,False
86193-511394,86193,$25 Gift Certificate,2500,False,,False
134269-939111,134269,$100 Gift Certificate,10000,False,,False
156210-978830,156210,$75 Gift Certificate,7500,False,,False
54500-042131,54500,$75 Gift Certificate,7500,False,,False
54500-459224,54500,$75 Gift Certificate,7500,False,,False
54763-201255,54763,$75 Gift Certificate,7500,False,,False
85303-980170,85303,$50 Gift Certificate,5000,False,,False
54134-367268,54134,$50 Gift Certificate,5000,False,,False
11704-572971,11704,$100 Gift Cert,10000,False,,False
41337-679306,41337,$50 Gift Cert,5000,False,,False
9370-484440,9370,$50 Gift Cert,5000,False,,False
10211-892403,10211,$100 Gift Cert,10000,False,,False
10608-775834,10608,$75 Gift Certificate,7500,False,,False
114309-777498,114309,$50 Gift Cert,5000,False,,False
41442-101882,41442,$50 Gift Cert,5000,False,,False
107428-835264,107428,$25 Gift Cert,2500,False,,False
14751-136070,14751,$100 Gift Cert,10000,False,,False
106291-881892,106291,$75 Gift Certificate,7500,False,,False
114278-989284,114278,$50 Gift Cert,5000,False,,False
44144-799506,44144,$75 Gift Certificate,7500,False,,False
44144-623920,44144,$75 Gift Certificate,7500,False,,False
115347-555151,115347,$25 Gift Cert,2500,False,,False
161315-806210,161315,$75 Gift Certificate,7500,False,,False
11112-671924,11112,$50 Gift Cert,5000,False,,False
105911-892751,105911,$50 Gift Cert,5000,False,,False
41196-666716,41196,$100 Gift Cert,10000,False,,False
42426-752332,42426,$50 Gift Cert,5000,False,,False
114258-309305,114258,$100 Gift Cert,10000,False,,False
100500-415380,100500,$50 Gift Cert,5000,False,,False
175580-717918,175580,$50 Gift Cert,5000,False,,False
114109-859039,114109,$50 Gift Cert,5000,False,,False
101816-275279,101816,$100 Gift Cert,10000,False,,False
106846-941362,106846,$100 Gift Cert,10000,False,,False
110794-781767,110794,$25 Gift Cert,2500,False,,False
44124-322482,44124,$100 Gift Cert,10000,False,,False
143159-187292,143159,$50 Gift Cert,5000,False,,False
96236-345812,96236,$25 Gift Cert,2500,False,,False
145550-938386,145550,$50 Gift Cert,5000,False,,False
13786-997038,13786,$100 Gift Cert,10000,False,,False
2140-358147,2140,$50 Gift Cert,5000,False,,False
53606-519125,53606,$25 Gift Cert,2500,False,,False
127940-868903,127940,$100 Gift Cert,10000,False,,False
127940-290993,127940,$75 Gift Certificate,7500,False,,False
127940-633430,127940,$75 Gift Certificate,7500,False,,False
49551-442946,49551,$50 Gift Cert,5000,False,,False
465-606164,465,$50 Gift Cert,5000,False,,False
44655-208221,44655,$75 Gift Certificate,7500,False,,False
52394-937280,52394,$50 Gift Cert,5000,False,,False
52268-494518,52268,$50 Gift Cert,5000,False,,False
52268-078411,52268,$50 Gift Cert,5000,False,,False
52268-873485,52268,$50 Gift Cert,5000,False,,False
52416-039066,52416,$50 Gift Cert,5000,False,,False
155433-641621,155433,$100 Gift Cert,10000,False,,False
128194-199856,128194,$50 Gift Cert,5000,False,,False
338-632709,338,$50 Gift Cert,5000,False,,False
53303-402181,53303,$50 Gift Cert,5000,False,,False
52798-767643,52798,$75 Gift Certificate,7500,False,,False
53048-672269,53048,$75 Gift Certificate,7500,False,,False
163797-531174,163797,$100 Gift Cert,10000,False,,False
121415-825756,121415,$50 Gift Cert,5000,False,,False
47257-171434,47257,$50 Gift Cert,5000,False,,False
49572-894278,49572,$50 Gift Cert,5000,False,,False
53165-375302,53165,$50 Gift Cert,5000,False,,False
53165-794003,53165,$50 Gift Cert,5000,False,,False
51553-058037,51553,$50 Gift Cert,5000,False,,False
120978-601357,120978,$50 Gift Cert,5000,False,,False
120978-869899,120978,$25 Gift Cert,2500,False,,False
45377-670657,45377,$25 Gift Cert,2500,False,,False
52804-460560,52804,$75 Gift Certificate,7500,False,,False
160388-632165,160388,$25 Gift Cert,2500,False,,False
81128-830083,81128,$50 Gift Cert,5000,False,,False
52646-585099,52646,$50 Gift Cert,5000,False,,False
70-002249,70,$25 Gift Cert,2500,False,,False
70-068377,70,$25 Gift Cert,2500,False,,False
70-627183,70,$25 Gift Cert,2500,False,,False
70-882493,70,$25 Gift Cert,2500,False,,False
81358-139164,81358,$50 Gift Cert,5000,False,,False
48726-689394,48726,$50 Gift Cert,5000,False,,False
50464-475972,50464,$75 Gift Certificate,7500,False,,False
690-641097,690,$50 Gift Cert,5000,False,,False
55293-085306,55293,$75 Gift Certificate,7500,False,,False
55293-306116,55293,$75 Gift Certificate,7500,False,,False
506-157090,506,$100 Gift Cert,10000,False,,False
52310-807665,52310,$25 Gift Cert,2500,False,,False
81080-017722,81080,$50 Gift Cert,5000,False,,False
53618-015103,53618,$50 Gift Cert,5000,False,,False
41208-553905,41208,$100 Gift Cert,10000,False,,False
51963-896066,51963,$50 Gift Cert,5000,False,,False
51963-279222,51963,$50 Gift Cert,5000,False,,False
53324-334589,53324,$75 Gift Certificate,7500,False,,False
53324-140375,53324,$75 Gift Certificate,7500,False,,False
53457-562053,53457,$50 Gift Cert,5000,False,,False
124280-290526,124280,$50 Gift Cert,5000,False,,False
163739-801847,163739,$25 Gift Cert,2500,False,,False
163739-331012,163739,$25 Gift Cert,2500,False,,False
81403-403956,81403,$100 Gift Cert,10000,False,,False
156056-625524,156056,$50 Gift Cert,5000,False,,False
156056-782894,156056,$50 Gift Cert,5000,False,,False
156056-657296,156056,$50 Gift Cert,5000,False,,False
1041-351285,1041,$75 Gift Certificate,7500,False,,False
189-734444,189,$50 Gift Cert,5000,False,,False
51703-856548,51703,$75 Gift Certificate,7500,False,,False
52144-683302,52144,$100 Gift Cert,10000,False,,False
51938-258990,51938,$100 Gift Cert,10000,False,,False
52238-556446,52238,$100 Gift Cert,10000,False,,False
51468-643934,51468,$75 Gift Certificate,7500,False,,False
135474-757202,135474,$75 Gift Certificate,7500,False,,False
135474-525066,135474,$75 Gift Certificate,7500,False,,False
128124-152948,128124,$50 Gift Cert,5000,False,,False
155949-751690,155949,$100 Gift Cert,10000,False,,False
141650-650540,141650,$50 Gift Cert,5000,False,,False
1607-366035,1607,$50 Gift Cert,5000,False,,False
51936-819397,51936,$50 Gift Cert,5000,False,,False
51936-206214,51936,$50 Gift Cert,5000,False,,False
52631-460242,52631,$25 Gift Cert,2500,False,,False
52631-543230,52631,$25 Gift Cert,2500,False,,False
155813-266071,155813,$50 Gift Cert,5000,False,,False
51116-576840,51116,$100 Gift Cert,10000,False,,False
53240-075596,53240,$50 Gift Cert,5000,False,,False
53240-325278,53240,$50 Gift Cert,5000,False,,False
128226-236630,128226,$50 Gift Cert,5000,False,,False
128226-786291,128226,$50 Gift Cert,5000,False,,False
128226-304637,128226,$50 Gift Cert,5000,False,,False
50991-813609,50991,$75 Gift Certificate,7500,False,,False
52256-231636,52256,$100 Gift Cert,10000,False,,False
155997-874541,155997,$50 Gift Cert,5000,False,,False
155997-639659,155997,$50 Gift Cert,5000,False,,False
81532-489882,81532,$50 Gift Cert,5000,False,,False
156085-827172,156085,$50 Gift Cert,5000,False,,False
52572-172405,52572,$50 Gift Cert,5000,False,,False
81596-333198,81596,$50 Gift Cert,5000,False,,False
81596-526719,81596,$50 Gift Cert,5000,False,,False
81596-491418,81596,$50 Gift Cert,5000,False,,False
81596-477009,81596,$50 Gift Cert,5000,False,,False
128109-458815,128109,$75 Gift Certificate,7500,False,,False
128117-019391,128117,$100 Gift Cert,10000,False,,False
248-548333,248,$50 Gift Cert,5000,False,,False
142796-605688,142796,$50 Gift Cert,5000,False,,False
142796-025997,142796,$50 Gift Cert,5000,False,,False
59336-871689,59336,$75 Gift Certificate,7500,False,,False
52487-052705,52487,$50 Gift Cert,5000,False,,False
127990-346138,127990,$50 Gift Cert,5000,False,,False
159027-209703,159027,$100 Gift Cert,10000,False,,False
159027-271431,159027,$100 Gift Cert,10000,False,,False
128206-894803,128206,$50 Gift Cert,5000,False,,False
52820-465101,52820,$75 Gift Certificate,7500,False,,False
52312-534955,52312,$50 Gift Cert,5000,False,,False
125672-449688,125672,$25 Gift Cert,2500,False,,False
50929-435025,50929,$50 Gift Cert,5000,False,,False
45430-683225,45430,$50 Gift Cert,5000,False,,False
45430-499325,45430,$50 Gift Cert,5000,False,,False
55893-986146,55893,$50 Gift Cert,5000,False,,False
1270-881273,1270,$50 Gift Cert,5000,False,,False
52374-795914,52374,$100 Gift Cert,10000,False,,False
156034-655867,156034,$50 Gift Cert,5000,False,,False
59155-310814,59155,$75 Gift Certificate,7500,False,,False
125050-122083,125050,$100 Gift Cert,10000,False,,False
129598-547947,129598,$50 Gift Cert,5000,False,,False
52651-952903,52651,$50 Gift Cert,5000,False,,False
53049-887627,53049,$50 Gift Cert,5000,False,,False
53049-153927,53049,$50 Gift Cert,5000,False,,False
81065-433454,81065,$50 Gift Cert,5000,False,,False
81041-570583,81041,$50 Gift Cert,5000,False,,False
51612-041111,51612,$50 Gift Cert,5000,False,,False
156092-188363,156092,$50 Gift Cert,5000,False,,False
55933-564509,55933,$100 Gift Cert,10000,False,,False
52395-256451,52395,$100 Gift Cert,10000,False,,False
51422-337891,51422,$50 Gift Cert,5000,False,,False
123749-654884,123749,$50 Gift Cert,5000,False,,False
55112-435543,55112,$100 Gift Cert,10000,False,,False
52653-958055,52653,$50 Gift Cert,5000,False,,False
55202-916359,55202,$100 Gift Cert,10000,False,,False
114449-717254,114449,$100 Gift Cert,10000,False,,False
53235-298572,53235,$100 Gift Cert,10000,False,,False
52315-190652,52315,$75 Gift Certificate,7500,False,,False
51661-177933,51661,$75 Gift Certificate,7500,False,,False
92-546961,92,$100 Gift Cert,10000,False,,False
19281-257441,19281,$25 Gift Cert,2500,False,,False
47852-261790,47852,$100 Gift Cert,10000,False,,False
59154-428685,59154,$50 Gift Cert,5000,False,,False
51916-492398,51916,$50 Gift Cert,5000,False,,False
53465-717716,53465,$25 Gift Cert,2500,False,,False
36014-714203,36014,$50 Gift Cert,5000,False,,False
52829-271279,52829,$50 Gift Cert,5000,False,,False
53468-391204,53468,$50 Gift Cert,5000,False,,False
51871-743556,51871,$25 Gift Cert,2500,False,,False
47876-799062,47876,$50 Gift Cert,5000,False,,False
52377-049066,52377,$100 Gift Cert,10000,False,,False
73853-296893,73853,$100 Gift Cert,10000,False,,False
163849-016685,163849,$75 Gift Certificate,7500,False,,False
51567-986594,51567,$100 Gift Cert,10000,False,,False
155902-011532,155902,$75 Gift Certificate,7500,False,,False
52309-739632,52309,$50 Gift Cert,5000,False,,False
127965-830315,127965,$100 Gift Cert,10000,False,,False
50280-168548,50280,$50 Gift Cert,5000,False,,False
156000-937712,156000,$50 Gift Cert,5000,False,,False
51704-924811,51704,$100 Gift Cert,10000,False,,False
51704-870615,51704,$100 Gift Cert,10000,False,,False
163802-726299,163802,$50 Gift Cert,5000,False,,False
51874-367087,51874,$100 Gift Cert,10000,False,,False
53002-665084,53002,$25 Gift Cert,2500,False,,False
2759-262516,2759,$100 Gift Cert,10000,False,,False
51212-792116,51212,$50 Gift Cert,5000,False,,False
128123-005743,128123,$100 Gift Cert,10000,False,,False
52459-056479,52459,$75 Gift Certificate,7500,False,,False
55006-526830,55006,$75 Gift Certificate,7500,False,,False
52187-123806,52187,$100 Gift Cert,10000,False,,False
503-628776,503,$50 Gift Cert,5000,False,,False
503-705342,503,$50 Gift Cert,5000,False,,False
52305-328809,52305,$25 Gift Cert,2500,False,,False
52446-854872,52446,$50 Gift Cert,5000,False,,False
52446-339541,52446,$50 Gift Cert,5000,False,,False
155911-655447,155911,$50 Gift Cert,5000,False,,False
52538-544025,52538,$75 Gift Certificate,7500,False,,False
163747-322116,163747,$100 Gift Cert,10000,False,,False
163747-265666,163747,$100 Gift Cert,10000,False,,False
52966-185232,52966,$50 Gift Cert,5000,False,,False
52966-707789,52966,$50 Gift Cert,5000,False,,False
82255-432335,82255,$25 Gift Cert,2500,False,,False
120663-253230,120663,$100 Gift Cert,10000,False,,False
48325-544648,48325,$25 Gift Cert,2500,False,,False
52718-019504,52718,$75 Gift Certificate,7500,False,,False
52984-646856,52984,$50 Gift Cert,5000,False,,False
52984-765382,52984,$100 Gift Cert,10000,False,,False
53444-743076,53444,$50 Gift Cert,5000,False,,False
50598-137433,50598,$25 Gift Cert,2500,False,,False
142398-637241,142398,$100 Gift Cert,10000,False,,False
142398-947413,142398,$100 Gift Cert,10000,False,,False
3117-404692,3117,$50 Gift Cert,5000,False,,False
3117-829658,3117,$50 Gift Cert,5000,False,,False
3117-148604,3117,$50 Gift Cert,5000,False,,False
3117-206304,3117,$50 Gift Cert,5000,False,,False
3117-067553,3117,$50 Gift Cert,5000,False,,False
3117-858732,3117,$50 Gift Cert,5000,False,,False
3117-119608,3117,$50 Gift Cert,5000,False,,False
3117-925777,3117,$50 Gift Cert,5000,False,,False
3117-330560,3117,$50 Gift Cert,5000,False,,False
3117-010934,3117,$50 Gift Cert,5000,False,,False
3117-517409,3117,$50 Gift Cert,5000,False,,False
3117-964340,3117,$50 Gift Cert,5000,False,,False
3117-329857,3117,$50 Gift Cert,5000,False,,False
3117-912182,3117,$50 Gift Cert,5000,False,,False
3117-437117,3117,$50 Gift Cert,5000,False,,False
3117-108017,3117,$50 Gift Cert,5000,False,,False
3117-140472,3117,$50 Gift Cert,5000,False,,False
3117-864753,3117,$50 Gift Cert,5000,False,,False
3117-185309,3117,$50 Gift Cert,5000,False,,False
3117-849088,3117,$50 Gift Cert,5000,False,,False
3117-138739,3117,$50 Gift Cert,5000,False,,False
3117-269518,3117,$50 Gift Cert,5000,False,,False
3117-288433,3117,$50 Gift Cert,5000,False,,False
3117-661478,3117,$50 Gift Cert,5000,False,,False
3117-463908,3117,$50 Gift Cert,5000,False,,False
3117-028983,3117,$50 Gift Cert,5000,False,,False
3117-186982,3117,$50 Gift Cert,5000,False,,False
3117-446348,3117,$50 Gift Cert,5000,False,,False
3117-784959,3117,$50 Gift Cert,5000,False,,False
3117-232876,3117,$50 Gift Cert,5000,False,,False
2228-385864,2228,$50 Gift Cert,5000,False,,False
64825-344339,64825,$75 Gift Certificate,7500,False,,False
52933-553484,52933,$50 Gift Cert,5000,False,,False
120097-940930,120097,$50 Gift Cert,5000,False,,False
2437-961329,2437,$25 Gift Cert,2500,False,,False
52823-397982,52823,$100 Gift Cert,10000,False,,False
12438-779249,12438,$50 Gift Cert,5000,False,,False
145723-393778,145723,$75 Gift Certificate,7500,False,,False
127951-440965,127951,$100 Gift Cert,10000,False,,False
46115-112225,46115,$50 Gift Cert,5000,False,,False
127961-392325,127961,$50 Gift Cert,5000,False,,False
128144-507688,128144,$25 Gift Cert,2500,False,,False
52393-878863,52393,$75 Gift Certificate,7500,False,,False
163742-285598,163742,$50 Gift Cert,5000,False,,False
51976-724830,51976,$50 Gift Cert,5000,False,,False
55088-117190,55088,$75 Gift Certificate,7500,False,,False
52421-483377,52421,$50 Gift Cert,5000,False,,False
52421-349708,52421,$50 Gift Cert,5000,False,,False
2125-953695,2125,$100 Gift Cert,10000,False,,False
819-884891,819,$50 Gift Cert,5000,False,,False
124141-686289,124141,$50 Gift Cert,5000,False,,False
155255-367528,155255,$50 Gift Cert,5000,False,,False
128181-966499,128181,$50 Gift Cert,5000,False,,False
128181-023707,128181,$50 Gift Cert,5000,False,,False
59170-894684,59170,$50 Gift Cert,5000,False,,False
156059-254293,156059,$50 Gift Cert,5000,False,,False
163779-830430,163779,$100 Gift Cert,10000,False,,False
29-748303,29,$75 Gift Certificate,7500,False,,False
81513-243389,81513,$100 Gift Cert,10000,False,,False
55283-531925,55283,$100 Gift Cert,10000,False,,False
1368-279884,1368,$50 Gift Cert,5000,False,,False
51565-941740,51565,$50 Gift Cert,5000,False,,False
52272-395325,52272,$25 Gift Cert,2500,False,,False
261-489420,261,$50 Gift Cert,5000,False,,False
173693-363987,173693,$75 Gift Certificate,7500,False,,False
53594-102534,53594,$100 Gift Cert,10000,False,,False
126921-435065,126921,$75 Gift Certificate,7500,False,,False
55479-334801,55479,$25 Gift Cert,2500,False,,False
8908-148840,8908,Philly's Phunniest,2000,False,,False
152502-126768,152502,$75 Gift Certificate,7500,False,,False
153006-486879,153006,$50 Gift Cert,5000,False,,False
154000-586074,154000,$50 Gift Cert,5000,False,,False
30714-590280,30714,$50 Gift Cert,5000,False,,False
152729-509972,152729,$25 Gift Cert,2500,False,,False
152729-336489,152729,$100 Gift Cert,10000,False,,False
33444-693480,33444,$50 Gift Cert,5000,False,,False
152478-257666,152478,$50 Gift Cert,5000,False,,False
30279-576111,30279,$50 Gift Cert,5000,False,,False
33954-887783,33954,$50 Gift Cert,5000,False,,False
153556-122336,153556,$25 Gift Cert,2500,False,,False
17091-739565,17091,$50 Gift Cert,5000,False,,False
32936-768704,32936,$50 Gift Cert,5000,False,,False
23662-605118,23662,$50 Gift Cert,5000,False,,False
23662-176273,23662,$25 Gift Cert,2500,False,,False
23662-626509,23662,$25 Gift Cert,2500,False,,False
16780-737296,16780,$50 Gift Cert,5000,False,,False
153438-831790,153438,$50 Gift Cert,5000,False,,False
24374-315397,24374,$100 Gift Cert,10000,False,,False
22298-368795,22298,$50 Gift Cert,5000,False,,False
65702-875285,65702,$75 Gift Certificate,7500,False,,False
20516-424742,20516,$100 Gift Cert,10000,False,,False
22706-795008,22706,$75 Gift Certificate,7500,False,,False
12004-504248,12004,$75 Gift Certificate,7500,False,,False
67621-783517,67621,$75 Gift Certificate,7500,False,,False
22906-571328,22906,$75 Gift Certificate,7500,False,,False
18042-816411,18042,$25 Gift Cert,2500,False,,False
27889-274077,27889,$50 Gift Cert,5000,False,,False
21522-833711,21522,$25 Gift Cert,2500,False,,False
29567-844626,29567,$75 Gift Certificate,7500,False,,False
28642-212683,28642,$50 Gift Cert,5000,False,,False
28642-396618,28642,$50 Gift Cert,5000,False,,False
23720-619964,23720,$100 Gift Cert,10000,False,,False
35776-389971,35776,$50 Gift Cert,5000,False,,False
19763-451946,19763,$50 Gift Cert,5000,False,,False
20051-543886,20051,$50 Gift Cert,5000,False,,False
21587-821204,21587,$25 Gift Cert,2500,False,,False
23023-288345,23023,$100 Gift Cert,10000,False,,False
30794-000380,30794,$50 Gift Cert,5000,False,,False
31628-411992,31628,$100 Gift Cert,10000,False,,False
26507-500614,26507,$50 Gift Cert,5000,False,,False
26507-038411,26507,$50 Gift Cert,5000,False,,False
8279-192134,8279,$50 Gift Cert,5000,False,,False
8279-465551,8279,$100 Gift Cert,10000,False,,False
36427-505269,36427,$25 Gift Cert,2500,False,,False
93535-304360,93535,$75 Gift Cert,7500,False,,False
36619-430202,36619,$50 Gift Cert,5000,False,,False
36619-813114,36619,$50 Gift Cert,5000,False,,False
89992-257817,89992,$50 Gift Cert,5000,False,,False
89992-978153,89992,$50 Gift Cert,5000,False,,False
95276-492439,95276,$75 Gift Cert,7500,False,,False
38184-191004,38184,$50 Gift Cert,5000,False,,False
1123-708378,1123,$75 Gift Cert,7500,False,,False
100275-818898,100275,$100 Gift Cert,10000,False,,False
2988-750258,2988,$100 Gift Cert,10000,False,,False
35934-440819,35934,$75 Gift Cert,7500,False,,False
100274-492325,100274,$50 Gift Cert,5000,False,,False
90425-509054,90425,$50 Gift Cert,5000,False,,False
1061-580697,1061,$100 Gift Cert,10000,False,,False
96944-394584,96944,$50 Gift Cert,5000,False,,False
97474-990271,97474,$75 Gift Cert,7500,False,,False
1414-913260,1414,$50 Gift Cert,5000,False,,False
91684-865333,91684,$50 Gift Cert,5000,False,,False
100740-488844,100740,$50 Gift Cert,5000,False,,False
34462-666992,34462,$75 Gift Cert,7500,False,,False
2864-331183,2864,$50 Gift Cert,5000,False,,False
160920-230491,160920,$75 Gift Cert,7500,False,,False
87153-711537,87153,$75 Gift Cert,7500,False,,False
91004-228492,91004,$50 Gift Cert,5000,False,,False
87134-271722,87134,$50 Gift Cert,5000,False,,False
35767-799682,35767,$50 Gift Cert,5000,False,,False
6614-491824,6614,$100 Gift Cert,10000,False,,False
90420-360274,90420,$75 Gift Cert,7500,False,,False
9810-452049,9810,2014 PPPC Registration,2000,False,,False
104457-584256,104457,2014 PPPC Registration,2000,False,,False
1897-545412,1897,2014 PPPC Registration,2000,False,,False
107957-695126,107957,2014 PPPC Registration,2000,False,,False
103002-240786,103002,2014 PPPC Registration,2000,False,,False
108014-546290,108014,2014 PPPC Registration,2000,False,,False
34033-569831,34033,2014 PPPC Registration,2000,False,,False
105667-958592,105667,2014 PPPC Registration,2000,False,,False
107990-963770,107990,2014 PPPC Registration,2000,False,,False
108356-382085,108356,2014 PPPC Registration,2000,False,,False
9996-083791,9996,2014 PPPC Registration,2000,False,,False
105485-152953,105485,2014 PPPC Registration,2000,False,,False
143521-332214,143521,2014 PPPC Registration,2000,False,,False
108355-086953,108355,2014 PPPC Registration,2000,False,,False
1636-117830,1636,2014 PPPC Registration,2000,False,,False
9595-071614,9595,2014 PPPC Registration,2000,False,,False
161650-596365,161650,2014 PPPC Registration,2000,False,,False
103341-153071,103341,2014 PPPC Registration,2000,False,,False
106297-750816,106297,2014 PPPC Registration,2000,False,,False
107841-806143,107841,2014 PPPC Registration,2000,False,,False
101765-691989,101765,2014 PPPC Registration,2000,False,,False
9101-074634,9101,2014 PPPC Registration,2000,False,,False
9824-045661,9824,2014 PPPC Registration,2000,False,,False
100244-848336,100244,2014 PPPC Registration,2000,False,,False
9686-957369,9686,2014 PPPC Registration,2000,False,,False
9957-998460,9957,2014 PPPC Registration,2000,False,,False
9739-545239,9739,2014 PPPC Registration,2000,False,,False
99529-579172,99529,2014 PPPC Registration,2000,False,,False
9628-389670,9628,2014 PPPC Registration,2000,False,,False
9170-509022,9170,2014 PPPC Registration,2000,False,,False
107485-962953,107485,2014 PPPC Registration,2000,False,,False
104951-524413,104951,2014 PPPC Registration,2000,False,,False
161684-440031,161684,2014 PPPC Registration,2000,False,,False
9911-287398,9911,2014 PPPC Registration,2000,False,,False
106980-234659,106980,2014 PPPC Registration,2000,False,,False
10017-284137,10017,2014 PPPC Registration,2000,False,,False
9978-404826,9978,2014 PPPC Registration,2000,False,,False
106788-785745,106788,2014 PPPC Registration,2000,False,,False
102632-887747,102632,2014 PPPC Registration,2000,False,,False
142867-537672,142867,2014 PPPC Registration,2000,False,,False
107282-317536,107282,2014 PPPC Registration,2000,False,,False
116784-621813,116784,2014 PPPC Registration,2000,False,,False
107804-189073,107804,2014 PPPC Registration,2000,False,,False
9107-969565,9107,2014 PPPC Registration,2000,False,,False
161489-059014,161489,2014 PPPC Registration,2000,False,,False
107344-980463,107344,2014 PPPC Registration,2000,False,,False
108183-616129,108183,2014 PPPC Registration,2000,False,,False
161563-208451,161563,2014 PPPC Registration,2000,False,,False
133163-917021,133163,2014 PPPC Registration,2000,False,,False
105471-227919,105471,2014 PPPC Registration,2000,False,,False
104359-354719,104359,2014 PPPC Registration,2000,False,,False
151898-782004,151898,2014 PPPC Registration,2000,False,,False
9717-555749,9717,2014 PPPC Registration,2000,False,,False
104178-547077,104178,2014 PPPC Registration,2000,False,,False
108254-686583,108254,2014 PPPC Registration,2000,False,,False
105607-013752,105607,2014 PPPC Registration,2000,False,,False
103126-393817,103126,2014 PPPC Registration,2000,False,,False
108521-499644,108521,2014 PPPC Registration,2000,False,,False
105663-541456,105663,2014 PPPC Registration,2000,False,,False
9970-969131,9970,2014 PPPC Registration,2000,False,,False
9909-420365,9909,2014 PPPC Registration,2000,False,,False
108150-378675,108150,2014 PPPC Registration,2000,False,,False
96785-858245,96785,2014 PPPC Registration,2000,False,,False
9683-961282,9683,2014 PPPC Registration,2000,False,,False
161862-439775,161862,2014 PPPC Registration,2000,False,,False
105837-448583,105837,2014 PPPC Registration,2000,False,,False
143086-636149,143086,2014 PPPC Registration,2000,False,,False
1489-265211,1489,2014 PPPC Registration,2000,False,,False
108505-290803,108505,2014 PPPC Registration,2000,False,,False
1830-900346,1830,2014 PPPC Registration,2000,False,,False
107466-106184,107466,2014 PPPC Registration,2000,False,,False
9360-973478,9360,2014 PPPC Registration,2000,False,,False
108083-173022,108083,2014 PPPC Registration,2000,False,,False
104051-696530,104051,2014 PPPC Registration,2000,False,,False
8965-774879,8965,2014 PPPC Registration,2000,False,,False
103012-733004,103012,2014 PPPC Registration,2000,False,,False
9198-747758,9198,2014 PPPC Registration,2000,False,,False
107647-482462,107647,2014 PPPC Registration,2000,False,,False
9454-573323,9454,2014 PPPC Registration,2000,False,,False
102675-473437,102675,2014 PPPC Registration,2000,False,,False
1515-785092,1515,2014 PPPC Registration,2000,False,,False
9962-097240,9962,2014 PPPC Registration,2000,False,,False
9667-456218,9667,2014 PPPC Registration,2000,False,,False
9995-155560,9995,2014 PPPC Registration,2000,False,,False
104287-717747,104287,2014 PPPC Registration,2000,False,,False
106131-913595,106131,2014 PPPC Registration,2000,False,,False
1845-921092,1845,2014 PPPC Registration,2000,False,,False
119606-796660,119606,2014 PPPC Registration,2000,False,,False
9870-514438,9870,2014 PPPC Registration,2000,False,,False
141573-189142,141573,2014 PPPC Registration,2000,False,,False
143523-864930,143523,2014 PPPC Registration,2000,False,,False
9306-805884,9306,2014 PPPC Registration,2000,False,,False
10086-435687,10086,2014 PPPC Registration,2000,False,,False
106487-290930,106487,2014 PPPC Registration,2000,False,,False
9642-281958,9642,2014 PPPC Registration,2000,False,,False
9682-956517,9682,2014 PPPC Registration,2000,False,,False
105820-725123,105820,2014 PPPC Registration,2000,False,,False
100619-346410,100619,2014 PPPC Registration,2000,False,,False
9438-309328,9438,2014 PPPC Registration,2000,False,,False
9906-443956,9906,2014 PPPC Registration,2000,False,,False
9624-082554,9624,2014 PPPC Registration,2000,False,,False
9956-751221,9956,2014 PPPC Registration,2000,False,,False
105487-795126,105487,2014 PPPC Registration,2000,False,,False
108121-667788,108121,2014 PPPC Registration,2000,False,,False
97352-458984,97352,2014 PPPC Registration,2000,False,,False
107449-228221,107449,2014 PPPC Registration,2000,False,,False
1868-635507,1868,2014 PPPC Registration,2000,False,,False
87109-777256,87109,2014 PPPC Registration,2000,False,,False
106929-687475,106929,2014 PPPC Registration,2000,False,,False
105834-172001,105834,2014 PPPC Registration,2000,False,,False
107497-674554,107497,2014 PPPC Registration,2000,False,,False
9396-129146,9396,2014 PPPC Registration,2000,False,,False
105472-197179,105472,2014 PPPC Registration,2000,False,,False
105860-603309,105860,2014 PPPC Registration,2000,False,,False
9417-332529,9417,2014 PPPC Registration,2000,False,,False
97826-379412,97826,2014 PPPC Registration,2000,False,,False
108353-557236,108353,2014 PPPC Registration,2000,False,,False
3274-356810,3274,2014 PPPC Registration,2000,False,,False
9716-960204,9716,2014 PPPC Registration,2000,False,,False
9467-696227,9467,2014 PPPC Registration,2000,False,,False
151847-811095,151847,2014 PPPC Registration,2000,False,,False
106887-406782,106887,2014 PPPC Registration,2000,False,,False
9813-500492,9813,2014 PPPC Registration,2000,False,,False
10025-046809,10025,2014 PPPC Registration,2000,False,,False
161178-515498,161178,2014 PPPC Registration,2000,False,,False
96602-829304,96602,2014 PPPC Registration,2000,False,,False
9735-981474,9735,2014 PPPC Registration,2000,False,,False
143143-132116,143143,2014 PPPC Registration,2000,False,,False
63168-231894,63168,2014 PPPC Registration,2000,False,,False
161822-027835,161822,2014 PPPC Registration,2000,False,,False
9681-976279,9681,2014 PPPC Registration,2000,False,,False
108279-279688,108279,2014 PPPC Registration,2000,False,,False
108024-610711,108024,2014 PPPC Registration,2000,False,,False
119126-020666,119126,2014 PPPC Registration,2000,False,,False
8925-840523,8925,2014 PPPC Registration,2000,False,,False
160735-166336,160735,2014 PPPC Registration,2000,False,,False
105825-765316,105825,2014 PPPC Registration,2000,False,,False
99642-748887,99642,2014 PPPC Registration,2000,False,,False
103767-878139,103767,2014 PPPC Registration,2000,False,,False
9439-285016,9439,2014 PPPC Registration,2000,False,,False
9062-924365,9062,2014 PPPC Registration,2000,False,,False
105597-925203,105597,2014 PPPC Registration,2000,False,,False
108277-218780,108277,2014 PPPC Registration,2000,False,,False
9972-652535,9972,2014 PPPC Registration,2000,False,,False
9422-800285,9422,2014 PPPC Registration,2000,False,,False
161786-006733,161786,2014 PPPC Registration,2000,False,,False
9823-681054,9823,2014 PPPC Registration,2000,False,,False
102593-307212,102593,2014 PPPC Registration,2000,False,,False
102796-480526,102796,2014 PPPC Registration,2000,False,,False
9884-332086,9884,2014 PPPC Registration,2000,False,,False
8984-562424,8984,2014 PPPC Registration,2000,False,,False
1507-863466,1507,2014 PPPC Registration,2000,False,,False
9925-488948,9925,2014 PPPC Registration,2000,False,,False
9466-049437,9466,2014 PPPC Registration,2000,False,,False
108289-742346,108289,2014 PPPC Registration,2000,False,,False
161599-183042,161599,2014 PPPC Registration,2000,False,,False
157306-481156,157306,2014 PPPC Registration,2000,False,,False
162634-385083,162634,2014 PPPC Registration,2000,False,,False
104977-152157,104977,2014 PPPC Registration,2000,False,,False
1597-992373,1597,2014 PPPC Registration,2000,False,,False
106037-345150,106037,2014 PPPC Registration,2000,False,,False
9621-456244,9621,2014 PPPC Registration,2000,False,,False
9706-244460,9706,2014 PPPC Registration,2000,False,,False
103609-303506,103609,2014 PPPC Registration,2000,False,,False
161093-114848,161093,2014 PPPC Registration,2000,False,,False
9664-994935,9664,2014 PPPC Registration,2000,False,,False
106047-840746,106047,2014 PPPC Registration,2000,False,,False
116440-324343,116440,2014 PPPC Registration,2000,False,,False
102544-377118,102544,2014 PPPC Registration,2000,False,,False
9181-704409,9181,2014 PPPC Registration,2000,False,,False
9889-051617,9889,2014 PPPC Registration,2000,False,,False
9661-964821,9661,2014 PPPC Registration,2000,False,,False
108423-661645,108423,2014 PPPC Registration,2000,False,,False
94135-959896,94135,2014 PPPC Registration,2000,False,,False
105467-654365,105467,2014 PPPC Registration,2000,False,,False
105832-811018,105832,2014 PPPC Registration,2000,False,,False
9099-060346,9099,2014 PPPC Registration,2000,False,,False
103422-531426,103422,2014 PPPC Registration,2000,False,,False
108091-687208,108091,2014 PPPC Registration,2000,False,,False
106567-312584,106567,2014 PPPC Registration,2000,False,,False
10064-166523,10064,2014 PPPC Registration,2000,False,,False
108160-172665,108160,2014 PPPC Registration,2000,False,,False
116807-492764,116807,2014 PPPC Registration,2000,False,,False
105037-945358,105037,2014 PPPC Registration,2000,False,,False
1760-959999,1760,2014 PPPC Registration,2000,False,,False
108502-910660,108502,2014 PPPC Registration,2000,False,,False
9590-873718,9590,2014 PPPC Registration,2000,False,,False
151903-138283,151903,2014 PPPC Registration,2000,False,,False
9666-104317,9666,2014 PPPC Registration,2000,False,,False
9655-864043,9655,2014 PPPC Registration,2000,False,,False
9687-041658,9687,2014 PPPC Registration,2000,False,,False
107529-753061,107529,2014 PPPC Registration,2000,False,,False
102785-005286,102785,2014 PPPC Registration,2000,False,,False
108038-835990,108038,2014 PPPC Registration,2000,False,,False
1569-753412,1569,2014 PPPC Registration,2000,False,,False
116664-131080,116664,2014 PPPC Registration,2000,False,,False
9477-203611,9477,2014 PPPC Registration,2000,False,,False
106128-352620,106128,2014 PPPC Registration,2000,False,,False
116167-987481,116167,2014 PPPC Registration,2000,False,,False
108316-296503,108316,2014 PPPC Registration,2000,False,,False
105194-125109,105194,2014 PPPC Registration,2000,False,,False
105575-027368,105575,2014 PPPC Registration,2000,False,,False
108174-892959,108174,2014 PPPC Registration,2000,False,,False
143814-507082,143814,2014 PPPC Registration,2000,False,,False
143142-226006,143142,2014 PPPC Registration,2000,False,,False
99237-346969,99237,2014 PPPC Registration,2000,False,,False
105342-236227,105342,2014 PPPC Registration,2000,False,,False
104339-567593,104339,2014 PPPC Registration,2000,False,,False
119095-743847,119095,2014 PPPC Registration,2000,False,,False
119095-355895,119095,2014 PPPC Registration,2000,False,,False
254207-139287,254207,2015 Philly's Phunniest Person Registration Fee,2000,True,,False
302892-028397,302892,2015 Philly's Phunniest Person Registration Fee,2000,False,,False
257794-226319,257794,2015 Philly's Phunniest Person Registration Fee,2000,True,,False
254277-876272,254277,2015 Philly's Phunniest Person Registration Fee,2000,True,,False
255356-367363,255356,2015 Philly's Phunniest Person Registration Fee,2000,True,,False
295421-328569,295421,2015 Philly's Phunniest Person Registration Fee,2000,False,,False
256571-643932,256571,2015 Philly's Phunniest Person Registration Fee,2000,True,,False
253504-481245,253504,2015 Philly's Phunniest Person Registration Fee,2000,True,,False
254034-082958,254034,2015 Philly's Phunniest Person Registration Fee,2000,True,,False
256161-294690,256161,2015 Philly's Phunniest Person Registration Fee,2000,True,,False
254238-028765,254238,2015 Philly's Phunniest Person Registration Fee,2000,True,,False
256279-498969,256279,2015 Philly's Phunniest Person Registration Fee,2000,True,,False
257422-658198,257422,2015 Philly's Phunniest Person Registration Fee,2000,True,,False
254902-367039,254902,2015 Philly's Phunniest Person Registration Fee,2000,True,,False
254210-345192,254210,2015 Philly's Phunniest Person Registration Fee,2000,True,,False
254366-421798,254366,2015 Philly's Phunniest Person Registration Fee,2000,True,,False
254092-051131,254092,2015 Philly's Phunniest Person Registration Fee,2000,True,,False
256431-674402,256431,2015 Philly's Phunniest Person Registration Fee,2000,True,,False
254379-534126,254379,2015 Philly's Phunniest Person Registration Fee,2000,True,,False
262328-695314,262328,2015 Philly's Phunniest Person Registration Fee,2000,True,,False
253593-032520,253593,2015 Philly's Phunniest Person Registration Fee,2000,True,,False
262033-369572,262033,2015 Philly's Phunniest Person Registration Fee,2000,True,,False
254717-791631,254717,2015 Philly's Phunniest Person Registration Fee,2000,True,,False
297984-121738,297984,2015 Philly's Phunniest Person Registration Fee,2000,False,,False
254258-918258,254258,2015 Philly's Phunniest Person Registration Fee,2000,True,,False
255002-515341,255002,2015 Philly's Phunniest Person Registration Fee,2000,True,,False
257682-567938,257682,2015 Philly's Phunniest Person Registration Fee,2000,True,,False
285205-637418,285205,2015 Philly's Phunniest Person Registration Fee,2000,True,,False
254109-259139,254109,2015 Philly's Phunniest Person Registration Fee,2000,True,,False
254592-536841,254592,2015 Philly's Phunniest Person Registration Fee,2000,True,,False
254293-957526,254293,2015 Philly's Phunniest Person Registration Fee,2000,True,,False
254427-859070,254427,2015 Philly's Phunniest Person Registration Fee,2000,True,,False
262093-324649,262093,2015 Philly's Phunniest Person Registration Fee,2000,True,,False
255901-966081,255901,2015 Philly's Phunniest Person Registration Fee,2000,True,,False
254099-357490,254099,2015 Philly's Phunniest Person Registration Fee,2000,True,,False
254351-612346,254351,2015 Philly's Phunniest Person Registration Fee,2000,True,,False
254784-355747,254784,2015 Philly's Phunniest Person Registration Fee,2000,True,,False
255952-170251,255952,2015 Philly's Phunniest Person Registration Fee,2000,True,,False
254715-739000,254715,2015 Philly's Phunniest Person Registration Fee,2000,True,,False
253714-142951,253714,2015 Philly's Phunniest Person Registration Fee,2000,True,,False
254211-933273,254211,2015 Philly's Phunniest Person Registration Fee,2000,True,,False
254242-044550,254242,2015 Philly's Phunniest Person Registration Fee,2000,True,,False
254227-732866,254227,2015 Philly's Phunniest Person Registration Fee,2000,True,,False
256603-196012,256603,2015 Philly's Phunniest Person Registration Fee,2000,True,,False
255186-162711,255186,2015 Philly's Phunniest Person Registration Fee,2000,True,,False
257643-140584,257643,2015 Philly's Phunniest Person Registration Fee,2000,True,,False
254410-470007,254410,2015 Philly's Phunniest Person Registration Fee,2000,True,,False
255945-464127,255945,2015 Philly's Phunniest Person Registration Fee,2000,True,,False
254370-604327,254370,2015 Philly's Phunniest Person Registration Fee,2000,True,,False
256370-166574,256370,2015 Philly's Phunniest Person Registration Fee,2000,True,,False
254218-704815,254218,2015 Philly's Phunniest Person Registration Fee,2000,True,,False
255758-525467,255758,2015 Philly's Phunniest Person Registration Fee,2000,True,,False
254194-942190,254194,2015 Philly's Phunniest Person Registration Fee,2000,True,,False
254091-473265,254091,2015 Philly's Phunniest Person Registration Fee,2000,True,,False
254093-221562,254093,2015 Philly's Phunniest Person Registration Fee,2000,True,,False
257522-874507,257522,2015 Philly's Phunniest Person Registration Fee,2000,True,,False
257956-201455,257956,2015 Philly's Phunniest Person Registration Fee,2000,True,,False
255770-155513,255770,2015 Philly's Phunniest Person Registration Fee,2000,True,,False
262362-900307,262362,2015 Philly's Phunniest Person Registration Fee,2000,True,,False
285018-139999,285018,2015 Philly's Phunniest Person Registration Fee,2000,True,,False
256024-895011,256024,2015 Philly's Phunniest Person Registration Fee,2000,True,,False
256916-754777,256916,2015 Philly's Phunniest Person Registration Fee,2000,True,,False
255212-186804,255212,2015 Philly's Phunniest Person Registration Fee,2000,True,,False
253524-174256,253524,2015 Philly's Phunniest Person Registration Fee,2000,True,,False
255448-961764,255448,2015 Philly's Phunniest Person Registration Fee,2000,True,,False
255198-298091,255198,2015 Philly's Phunniest Person Registration Fee,2000,True,,False
254220-625355,254220,2015 Philly's Phunniest Person Registration Fee,2000,True,,False
254106-793232,254106,2015 Philly's Phunniest Person Registration Fee,2000,True,,False
254064-529622,254064,2015 Philly's Phunniest Person Registration Fee,2000,True,,False
254297-207463,254297,2015 Philly's Phunniest Person Registration Fee,2000,True,,False
254404-958766,254404,2015 Philly's Phunniest Person Registration Fee,2000,False,,False
255810-772181,255810,2015 Philly's Phunniest Person Registration Fee,2000,True,,False
254203-703888,254203,2015 Philly's Phunniest Person Registration Fee,2000,True,,False
254670-574478,254670,2015 Philly's Phunniest Person Registration Fee,2000,True,,False
254794-656313,254794,2015 Philly's Phunniest Person Registration Fee,2000,True,,False
254416-281200,254416,2015 Philly's Phunniest Person Registration Fee,2000,True,,False
255751-460466,255751,2015 Philly's Phunniest Person Registration Fee,2000,True,,False
316553-019666,316553,2015 Philly's Phunniest Person Registration Fee,2000,False,,False
254694-214363,254694,2015 Philly's Phunniest Person Registration Fee,2000,True,,False
254604-280328,254604,2015 Philly's Phunniest Person Registration Fee,2000,True,,False
255761-337954,255761,2015 Philly's Phunniest Person Registration Fee,2000,True,,False
254025-324435,254025,2015 Philly's Phunniest Person Registration Fee,2000,True,,False
256227-718038,256227,2015 Philly's Phunniest Person Registration Fee,2000,True,,False
254394-799841,254394,2015 Philly's Phunniest Person Registration Fee,2000,True,,False
292512-844705,292512,2015 Philly's Phunniest Person Registration Fee,2000,False,,False
255659-469981,255659,2015 Philly's Phunniest Person Registration Fee,2000,True,,False
254930-631863,254930,2015 Philly's Phunniest Person Registration Fee,2000,True,,False
254628-814651,254628,2015 Philly's Phunniest Person Registration Fee,2000,True,,False
254156-103991,254156,2015 Philly's Phunniest Person Registration Fee,2000,True,,False
254505-061988,254505,2015 Philly's Phunniest Person Registration Fee,2000,True,,False
254529-838847,254529,2015 Philly's Phunniest Person Registration Fee,2000,False,,False
254090-594025,254090,2015 Philly's Phunniest Person Registration Fee,2000,True,,False
255424-180339,255424,2015 Philly's Phunniest Person Registration Fee,2000,True,,False
254813-681196,254813,2015 Philly's Phunniest Person Registration Fee,2000,True,,False
254541-169082,254541,2015 Philly's Phunniest Person Registration Fee,2000,True,,False
257757-786724,257757,2015 Philly's Phunniest Person Registration Fee,2000,True,,False
253951-732143,253951,2015 Philly's Phunniest Person Registration Fee,2000,True,,True
257443-337377,257443,2015 Philly's Phunniest Person Registration Fee,2000,True,,False
255759-144757,255759,2015 Philly's Phunniest Person Registration Fee,2000,True,,False
254308-517101,254308,2015 Philly's Phunniest Person Registration Fee,2000,True,,False
261793-225367,261793,2015 Philly's Phunniest Person Registration Fee,2000,False,,False
255923-395938,255923,2015 Philly's Phunniest Person Registration Fee,2000,True,,False
254067-974748,254067,2015 Philly's Phunniest Person Registration Fee,2000,True,,False
314509-647552,314509,2015 Philly's Phunniest Person Registration Fee,2000,False,,False
254193-322213,254193,2015 Philly's Phunniest Person Registration Fee,2000,True,,False
261928-191942,261928,2015 Philly's Phunniest Person Registration Fee,2000,True,,False
256509-490064,256509,2015 Philly's Phunniest Person Registration Fee,2000,True,,False
254445-138588,254445,2015 Philly's Phunniest Person Registration Fee,2000,True,,False
255302-083452,255302,2015 Philly's Phunniest Person Registration Fee,2000,True,,False
254336-866751,254336,2015 Philly's Phunniest Person Registration Fee,2000,True,,False
254616-333269,254616,2015 Philly's Phunniest Person Registration Fee,2000,True,,False
254340-318572,254340,2015 Philly's Phunniest Person Registration Fee,2000,True,,False
254788-032517,254788,2015 Philly's Phunniest Person Registration Fee,2000,True,,False
257513-479668,257513,2015 Philly's Phunniest Person Registration Fee,2000,True,,False
254937-953913,254937,2015 Philly's Phunniest Person Registration Fee,2000,True,,False
254038-171836,254038,2015 Philly's Phunniest Person Registration Fee,2000,True,,False
256374-404361,256374,2015 Philly's Phunniest Person Registration Fee,2000,True,,False
254901-297536,254901,2015 Philly's Phunniest Person Registration Fee,2000,True,,False
254384-325853,254384,2015 Philly's Phunniest Person Registration Fee,2000,True,,False
255811-819543,255811,2015 Philly's Phunniest Person Registration Fee,2000,True,,False
254364-345250,254364,2015 Philly's Phunniest Person Registration Fee,2000,True,,False
317169-757188,317169,2015 Philly's Phunniest Person Registration Fee,2000,False,,False
253580-611680,253580,2015 Philly's Phunniest Person Registration Fee,2000,True,,False
257729-530146,257729,2015 Philly's Phunniest Person Registration Fee,2000,True,,False
262544-770389,262544,2015 Philly's Phunniest Person Registration Fee,2000,True,,False
255029-429791,255029,2015 Philly's Phunniest Person Registration Fee,2000,True,,False
255756-048928,255756,2015 Philly's Phunniest Person Registration Fee,2000,True,,False
257763-122252,257763,2015 Philly's Phunniest Person Registration Fee,2000,True,,False
254256-703322,254256,2015 Philly's Phunniest Person Registration Fee,2000,True,,False
253957-843100,253957,2015 Philly's Phunniest Person Registration Fee,2000,True,,False
254266-557282,254266,2015 Philly's Phunniest Person Registration Fee,2000,True,,False
254262-412534,254262,2015 Philly's Phunniest Person Registration Fee,2000,True,,False
254043-441151,254043,2015 Philly's Phunniest Person Registration Fee,2000,True,,False
286713-097470,286713,2015 Philly's Phunniest Person Registration Fee,2000,True,,False
255447-422773,255447,2015 Philly's Phunniest Person Registration Fee,2000,True,,False
254202-489107,254202,2015 Philly's Phunniest Person Registration Fee,2000,True,,False
254155-210433,254155,2015 Philly's Phunniest Person Registration Fee,2000,True,,False
255838-528216,255838,2015 Philly's Phunniest Person Registration Fee,2000,True,,False
254089-814468,254089,2015 Philly's Phunniest Person Registration Fee,2000,True,,False
265054-185633,265054,2015 Philly's Phunniest Person Registration Fee,2000,True,,False
259077-751673,259077,2015 Philly's Phunniest Person Registration Fee,2000,True,,False
254167-355257,254167,2015 Philly's Phunniest Person Registration Fee,2000,True,,False
253582-520076,253582,2015 Philly's Phunniest Person Registration Fee,2000,True,,False
258157-909542,258157,2015 Philly's Phunniest Person Registration Fee,2000,True,,False
254012-698665,254012,2015 Philly's Phunniest Person Registration Fee,2000,True,,False
254215-671549,254215,2015 Philly's Phunniest Person Registration Fee,2000,True,,False
254159-985162,254159,2015 Philly's Phunniest Person Registration Fee,2000,True,,False
257756-149404,257756,2015 Philly's Phunniest Person Registration Fee,2000,True,,False
254646-959635,254646,2015 Philly's Phunniest Person Registration Fee,2000,True,,False
254689-860183,254689,2015 Philly's Phunniest Person Registration Fee,2000,True,,False
255652-702372,255652,2015 Philly's Phunniest Person Registration Fee,2000,True,,False
254536-330880,254536,2015 Philly's Phunniest Person Registration Fee,2000,True,,False
324267-874509,324267,2015 Philly's Phunniest Person Registration Fee,2000,False,,False
254463-489366,254463,2015 Philly's Phunniest Person Registration Fee,2000,True,,False
256548-827229,256548,2015 Philly's Phunniest Person Registration Fee,2000,True,,False
262674-945362,262674,2015 Philly's Phunniest Person Registration Fee,2000,True,,False
254594-224283,254594,2015 Philly's Phunniest Person Registration Fee,2000,True,,False
258097-202317,258097,2015 Philly's Phunniest Person Registration Fee,2000,True,,False
254435-935816,254435,2015 Philly's Phunniest Person Registration Fee,2000,True,,False
254584-669602,254584,2015 Philly's Phunniest Person Registration Fee,2000,True,,False
256315-706729,256315,2015 Philly's Phunniest Person Registration Fee,2000,True,,False
253516-638307,253516,2015 Philly's Phunniest Person Registration Fee,2000,True,,False
261738-889422,261738,2015 Philly's Phunniest Person Registration Fee,2000,True,,False
255313-577541,255313,2015 Philly's Phunniest Person Registration Fee,2000,True,,False
254444-819296,254444,2015 Philly's Phunniest Person Registration Fee,2000,True,,False
255991-372279,255991,2015 Philly's Phunniest Person Registration Fee,2000,True,,False
253584-914934,253584,2015 Philly's Phunniest Person Registration Fee,2000,True,,False
257824-229015,257824,2015 Philly's Phunniest Person Registration Fee,2000,True,,False
288635-827883,288635,2015 Philly's Phunniest Person Registration Fee,2000,False,,False
254288-183078,254288,2015 Philly's Phunniest Person Registration Fee,2000,True,,False
262182-386269,262182,2015 Philly's Phunniest Person Registration Fee,2000,True,,False
254198-869809,254198,2015 Philly's Phunniest Person Registration Fee,2000,True,,False
257874-388492,257874,2015 Philly's Phunniest Person Registration Fee,2000,False,,False
257876-859519,257876,2015 Philly's Phunniest Person Registration Fee,2000,True,,False
253934-684783,253934,2015 Philly's Phunniest Person Registration Fee,2000,True,,False
263891-225385,263891,2015 Philly's Phunniest Person Registration Fee,2000,True,,False
254509-280880,254509,2015 Philly's Phunniest Person Registration Fee,2000,True,,False
257875-464282,257875,2015 Philly's Phunniest Person Registration Fee,2000,False,,False
255772-324395,255772,2015 Philly's Phunniest Person Registration Fee,2000,True,,False
258288-085061,258288,2015 Philly's Phunniest Person Registration Fee,2000,True,,False
254352-566542,254352,2015 Philly's Phunniest Person Registration Fee,2000,True,,False
254087-974208,254087,2015 Philly's Phunniest Person Registration Fee,2000,True,,False
254489-571485,254489,2015 Philly's Phunniest Person Registration Fee,2000,True,,False
254380-038673,254380,2015 Philly's Phunniest Person Registration Fee,2000,True,,False
255431-583117,255431,2015 Philly's Phunniest Person Registration Fee,2000,True,,False
255938-198158,255938,2015 Philly's Phunniest Person Registration Fee,2000,True,,False
315189-242316,315189,2015 Philly's Phunniest Person Registration Fee,2000,False,,False
255213-042052,255213,2015 Philly's Phunniest Person Registration Fee,2000,True,,False
255747-041936,255747,2015 Philly's Phunniest Person Registration Fee,2000,True,,False
255567-467633,255567,2015 Philly's Phunniest Person Registration Fee,2000,True,,False
254061-805514,254061,2015 Philly's Phunniest Person Registration Fee,2000,True,,False
254234-405085,254234,2015 Philly's Phunniest Person Registration Fee,2000,True,,False
254174-606671,254174,2015 Philly's Phunniest Person Registration Fee,2000,True,,False
257508-581322,257508,2015 Philly's Phunniest Person Registration Fee,2000,True,,False
254396-704228,254396,2015 Philly's Phunniest Person Registration Fee,2000,True,,False
254829-374357,254829,2015 Philly's Phunniest Person Registration Fee,2000,True,,False
253678-844114,253678,2015 Philly's Phunniest Person Registration Fee,2000,True,,False
254291-947918,254291,2015 Philly's Phunniest Person Registration Fee,2000,True,,False
258024-156679,258024,2015 Philly's Phunniest Person Registration Fee,2000,True,,False
254999-533723,254999,2015 Philly's Phunniest Person Registration Fee,2000,True,,False
254326-959005,254326,2015 Philly's Phunniest Person Registration Fee,2000,True,,False
256235-854225,256235,2015 Philly's Phunniest Person Registration Fee,2000,True,,False
254369-507059,254369,2015 Philly's Phunniest Person Registration Fee,2000,True,,False
254178-536940,254178,2015 Philly's Phunniest Person Registration Fee,2000,True,,False
254419-124156,254419,2015 Philly's Phunniest Person Registration Fee,2000,True,,False
255780-680073,255780,2015 Philly's Phunniest Person Registration Fee,2000,True,,False
285149-213899,285149,2015 Philly's Phunniest Person Registration Fee,2000,False,,False
255573-937439,255573,2015 Philly's Phunniest Person Registration Fee,2000,True,,False
256155-732331,256155,2015 Philly's Phunniest Person Registration Fee,2000,True,,False
255345-328083,255345,2015 Philly's Phunniest Person Registration Fee,2000,True,,False
256487-569492,256487,2015 Philly's Phunniest Person Registration Fee,2000,True,,False
254596-875501,254596,2015 Philly's Phunniest Person Registration Fee,2000,True,,False
254259-908258,254259,2015 Philly's Phunniest Person Registration Fee,2000,True,,False
254268-912497,254268,2015 Philly's Phunniest Person Registration Fee,2000,True,,False
261645-910935,261645,2015 Philly's Phunniest Person Registration Fee,2000,True,,False
254573-936771,254573,2015 Philly's Phunniest Person Registration Fee,2000,True,,False
254407-948178,254407,2015 Philly's Phunniest Person Registration Fee,2000,True,,False
254187-101281,254187,2015 Philly's Phunniest Person Registration Fee,2000,True,,False
254446-710810,254446,2015 Philly's Phunniest Person Registration Fee,2000,True,,False
254385-135039,254385,2015 Philly's Phunniest Person Registration Fee,2000,True,,False
257730-503243,257730,2015 Philly's Phunniest Person Registration Fee,2000,True,,False
253529-046337,253529,2015 Philly's Phunniest Person Registration Fee,2000,True,,False
254334-451495,254334,2015 Philly's Phunniest Person Registration Fee,2000,True,,False
254190-442159,254190,2015 Philly's Phunniest Person Registration Fee,2000,True,,False
256510-502854,256510,2015 Philly's Phunniest Person Registration Fee,2000,True,,False
287120-904900,287120,2015 Philly's Phunniest Person Registration Fee,2000,True,,False
254015-603999,254015,2015 Philly's Phunniest Person Registration Fee,2000,True,,False
254734-466563,254734,2015 Philly's Phunniest Person Registration Fee,2000,True,,False
254532-709248,254532,2015 Philly's Phunniest Person Registration Fee,2000,True,,False
254492-417862,254492,2015 Philly's Phunniest Person Registration Fee,2000,True,,False
300405-426322,300405,2015 Philly's Phunniest Person Registration Fee,2000,False,,False
254339-159794,254339,2015 Philly's Phunniest Person Registration Fee,2000,True,,False
290430-849796,290430,2015 Philly's Phunniest Person Registration Fee,2000,True,,False
255821-386793,255821,2015 Philly's Phunniest Person Registration Fee,2000,True,,False
254579-871001,254579,2015 Philly's Phunniest Person Registration Fee,2000,True,,False
257367-283061,257367,2015 Philly's Phunniest Person Registration Fee,2000,True,,False
255757-354795,255757,2015 Philly's Phunniest Person Registration Fee,2000,True,,False
254181-994457,254181,2015 Philly's Phunniest Person Registration Fee,2000,True,,False
254811-563834,254811,2015 Philly's Phunniest Person Registration Fee,2000,True,,False
254191-324678,254191,2015 Philly's Phunniest Person Registration Fee,2000,True,,False
257509-839917,257509,2015 Philly's Phunniest Person Registration Fee,2000,True,,False
257634-338176,257634,2015 Philly's Phunniest Person Registration Fee,2000,True,,False
254479-138251,254479,2015 Philly's Phunniest Person Registration Fee,2000,True,,False
261614-831983,261614,2015 Philly's Phunniest Person Registration Fee,2000,False,,False
254100-305364,254100,2015 Philly's Phunniest Person Registration Fee,2000,True,,False
255525-339925,255525,2015 Philly's Phunniest Person Registration Fee,2000,True,,False
253636-105871,253636,2015 Philly's Phunniest Person Registration Fee,2000,True,,False
253946-714444,253946,2015 Philly's Phunniest Person Registration Fee,2000,True,,False
254348-858272,254348,2015 Philly's Phunniest Person Registration Fee,2000,True,,False
258042-929427,258042,2015 Philly's Phunniest Person Registration Fee,2000,True,,False
261875-521552,261875,2015 Philly's Phunniest Person Registration Fee,2000,True,,False
256312-472659,256312,2015 Philly's Phunniest Person Registration Fee,2000,True,,False
254101-648616,254101,2015 Philly's Phunniest Person Registration Fee,2000,True,,False
258333-552521,258333,2015 Philly's Phunniest Person Registration Fee,2000,True,,False
254800-255034,254800,2015 Philly's Phunniest Person Registration Fee,2000,True,,False
254346-665864,254346,2015 Philly's Phunniest Person Registration Fee,2000,True,,False
255763-593581,255763,2015 Philly's Phunniest Person Registration Fee,2000,True,,False
482833-649642,482833,$25 Gift Certificate,2500,False,,False
528959-776769,528959,$50 Gift Certificate,5000,False,,False
351041-596509,351041,$100 Gift Certificate,10000,False,,False
417072-619549,417072,$25 Gift Certificate,2500,False,,False
531242-489605,531242,$100 Gift Certificate,10000,False,,False
531242-046446,531242,$50 Gift Certificate,5000,False,,False
349004-956259,349004,$25 Gift Certificate,2500,False,,False
495720-844082,495720,$75 Gift Certificate,7500,False,,False
507500-848466,507500,$50 Gift Certificate,5000,False,,False
418972-561630,418972,$100 Gift Certificate,10000,False,,False
463782-386949,463782,$50 Gift Certificate,5000,False,,False
349064-201855,349064,$100 Gift Certificate,10000,False,,False
527961-368858,527961,$100 Gift Certificate,10000,False,,False
397176-670978,397176,$75 Gift Certificate,7500,False,,False
490398-686865,490398,$75 Gift Certificate,7500,False,,False
352590-299910,352590,$25 Gift Certificate,2500,False,,False
528843-681810,528843,$25 Gift Certificate,2500,False,,False
495501-932996,495501,$100 Gift Certificate,10000,False,,False
519560-785619,519560,$100 Gift Certificate,10000,False,,False
423072-515471,423072,$100 Gift Certificate,10000,False,,False
435314-432384,435314,$50 Gift Certificate,5000,False,,False
399196-098862,399196,$100 Gift Certificate,10000,False,,False
355789-988522,355789,$50 Gift Certificate,5000,False,,False
343467-080545,343467,$100 Gift Certificate,10000,False,,False
398858-231314,398858,$50 Gift Certificate,5000,False,,False
528835-027616,528835,$25 Gift Certificate,2500,False,,False
473996-473234,473996,$50 Gift Certificate,5000,False,,False
520544-747248,520544,$50 Gift Certificate,5000,False,,False
505768-639841,505768,$50 Gift Certificate,5000,False,,False
443670-316717,443670,$75 Gift Certificate,7500,False,,False
342856-310948,342856,$75 Gift Certificate,7500,False,,False
424896-511110,424896,$100 Gift Certificate,10000,False,,False
447448-373114,447448,$50 Gift Certificate,5000,False,,False
452940-668431,452940,$75 Gift Certificate,7500,False,,False
492404-903026,492404,$25 Gift Certificate,2500,False,,False
470619-235446,470619,$50 Gift Certificate,5000,False,,False
355757-857020,355757,$50 Gift Certificate,5000,False,,False
531035-089300,531035,$50 Gift Certificate,5000,False,,False
348434-258438,348434,$50 Gift Certificate,5000,False,,False
527423-478714,527423,$100 Gift Certificate,10000,False,,False
400937-497014,400937,$100 Gift Certificate,10000,False,,False
353484-270487,353484,$50 Gift Certificate,5000,False,,False
506193-732994,506193,$50 Gift Certificate,5000,False,,False
460187-869888,460187,$25 Gift Certificate,2500,False,,False
439207-803622,439207,$50 Gift Certificate,5000,False,,False
523415-671879,523415,$50 Gift Certificate,5000,False,,False
355112-319912,355112,$100 Gift Certificate,10000,False,,False
513486-699047,513486,$50 Gift Certificate,5000,False,,False
6382-341635,6382,$75 Gift Certificate,7500,False,,False
14413-942159,14413,$50 Gift Cert,5000,False,,False
166283-628527,166283,$50 Gift Cert,5000,False,,False
139775-369264,139775,$100 Gift Cert,10000,False,,False
136658-065548,136658,$50 Gift Cert,5000,False,,False
151179-494848,151179,$50 Gift Cert,5000,False,,False
4916-504803,4916,$50 Gift Cert,5000,False,,False
151082-059354,151082,$75 Gift Certificate,7500,False,,False
142178-762162,142178,$100 Gift Cert,10000,False,,False
142242-860801,142242,$50 Gift Cert,5000,False,,False
141233-714668,141233,$100 Gift Cert,10000,False,,False
6419-545842,6419,$25 Gift Cert,2500,False,,False
254133-472140,254133,$100 Gift Cert,10000,False,,False
14496-172613,14496,$50 Gift Cert,5000,False,,False
223328-210077,223328,$50 Gift Cert,5000,False,,False
223328-998782,223328,$50 Gift Cert,5000,False,,False
164174-228875,164174,$50 Gift Cert,5000,False,,False
141824-025813,141824,$75 Gift Certificate,7500,False,,False
137122-668770,137122,$25 Gift Cert,2500,False,,False
11910-318284,11910,$25 Gift Cert,2500,False,,False
11910-011537,11910,$25 Gift Cert,2500,False,,False
140638-124503,140638,$100 Gift Cert,10000,False,,False
139551-510312,139551,$50 Gift Cert,5000,False,,False
5155-061813,5155,$50 Gift Cert,5000,False,,False
285467-642141,285467,$50 Gift Cert,5000,False,,False
141245-267226,141245,$75 Gift Certificate,7500,False,,False
132339-213375,132339,$50 Gift Cert,5000,False,,False
152277-129242,152277,$75 Gift Certificate,7500,False,,False
5001-567313,5001,$50 Gift Cert,5000,False,,False
152369-265182,152369,$50 Gift Cert,5000,False,,False
137027-049826,137027,$75 Gift Certificate,7500,False,,False
4414-626268,4414,$50 Gift Cert,5000,False,,False
12381-542859,12381,$50 Gift Cert,5000,False,,False
133767-684420,133767,$50 Gift Cert,5000,False,,False
133767-230709,133767,$50 Gift Cert,5000,False,,False
133767-167788,133767,$50 Gift Cert,5000,False,,False
14979-119469,14979,$100 Gift Cert,10000,False,,False
15552-710550,15552,$50 Gift Cert,5000,False,,False
15552-852358,15552,$50 Gift Cert,5000,False,,False
140422-250417,140422,$100 Gift Cert,10000,False,,False
173832-531692,173832,$50 Gift Cert,5000,False,,False
138942-417632,138942,$100 Gift Cert,10000,False,,False
140277-873263,140277,$50 Gift Cert,5000,False,,False
134274-826571,134274,$75 Gift Certificate,7500,False,,False
4569-966628,4569,$100 Gift Cert,10000,False,,False
244992-788627,244992,$100 Gift Cert,10000,False,,False
5074-660629,5074,$75 Gift Certificate,7500,False,,False
183732-549317,183732,$75 Gift Certificate,7500,False,,False
4478-151269,4478,$50 Gift Cert,5000,False,,False
4478-072942,4478,$50 Gift Cert,5000,False,,False
4478-070238,4478,$50 Gift Cert,5000,False,,False
4478-299275,4478,$50 Gift Cert,5000,False,,False
4478-500244,4478,$25 Gift Cert,2500,False,,False
16647-248486,16647,$100 Gift Cert,10000,False,,False
191598-773631,191598,$50 Gift Cert,5000,False,,False
10038-121798,10038,$100 Gift Cert,10000,False,,False
132806-248052,132806,$50 Gift Cert,5000,False,,False
164182-857843,164182,$50 Gift Cert,5000,False,,False
180627-663769,180627,$75 Gift Certificate,7500,False,,False
139539-644425,139539,$75 Gift Certificate,7500,False,,False
152062-563490,152062,$100 Gift Cert,10000,False,,False
254149-718133,254149,$50 Gift Cert,5000,False,,False
132952-646518,132952,$100 Gift Cert,10000,False,,False
15188-320486,15188,$100 Gift Cert,10000,False,,False
164166-482292,164166,$75 Gift Certificate,7500,False,,False
137770-284263,137770,$75 Gift Certificate,7500,False,,False
137770-285014,137770,$75 Gift Certificate,7500,False,,False
181483-721249,181483,$75 Gift Certificate,7500,False,,False
12006-520859,12006,$75 Gift Certificate,7500,False,,False
4674-990536,4674,$50 Gift Cert,5000,False,,False
134115-567514,134115,$50 Gift Cert,5000,False,,False
142752-800262,142752,$25 Gift Cert,2500,False,,False
144494-936935,144494,$50 Gift Cert,5000,False,,False
139051-974827,139051,$50 Gift Cert,5000,False,,False
15608-926439,15608,$100 Gift Cert,10000,False,,False
179541-980021,179541,$50 Gift Cert,5000,False,,False
131959-213596,131959,$100 Gift Cert,10000,False,,False
15671-631196,15671,$75 Gift Certificate,7500,False,,False
164579-845016,164579,$25 Gift Cert,2500,False,,False
141577-773101,141577,$100 Gift Cert,10000,False,,False
139214-893781,139214,$50 Gift Cert,5000,False,,False
139214-875605,139214,$50 Gift Cert,5000,False,,False
137132-579211,137132,$50 Gift Cert,5000,False,,False
132821-495428,132821,$50 Gift Cert,5000,False,,False
92924-647067,92924,$25 Gift Cert,2500,False,,False
136648-463550,136648,$50 Gift Cert,5000,False,,False
245649-211531,245649,$50 Gift Cert,5000,False,,False
328433-008490,328433,$75 Gift Certificate,7500,False,,False
141705-085036,141705,$75 Gift Certificate,7500,False,,False
164505-891014,164505,$50 Gift Cert,5000,False,,False
164488-729745,164488,$75 Gift Certificate,7500,False,,False
129085-329441,129085,$100 Gift Cert,10000,False,,False
137034-921313,137034,$50 Gift Cert,5000,False,,False
141904-449161,141904,$100 Gift Cert,10000,False,,False
54736-088562,54736,$50 Gift Cert,5000,False,,False
5584-332737,5584,$25 Gift Cert,2500,False,,False
152291-903377,152291,$75 Gift Certificate,7500,False,,False
140593-719083,140593,$50 Gift Cert,5000,False,,False
5260-114488,5260,$75 Gift Certificate,7500,False,,False
141458-582187,141458,$100 Gift Cert,10000,False,,False
135915-690963,135915,$50 Gift Cert,5000,False,,False
139445-335931,139445,$75 Gift Certificate,7500,False,,False
132110-185143,132110,$50 Gift Cert,5000,False,,False
142134-330662,142134,$50 Gift Cert,5000,False,,False
61928-544207,61928,$100 Gift Cert,10000,False,,False
88003-606495,88003,$75 Gift Certificate,7500,False,,False
136082-176368,136082,$75 Gift Certificate,7500,False,,False
4583-384050,4583,$50 Gift Cert,5000,False,,False
4704-987769,4704,$75 Gift Certificate,7500,False,,False
168571-922114,168571,$50 Gift Cert,5000,False,,False
142233-502992,142233,$75 Gift Certificate,7500,False,,False
15405-403433,15405,$75 Gift Certificate,7500,False,,False
134533-819183,134533,$50 Gift Cert,5000,False,,False
5033-248047,5033,$75 Gift Certificate,7500,False,,False
4937-407849,4937,$50 Gift Cert,5000,False,,False
164197-439478,164197,$100 Gift Cert,10000,False,,False
7350-157467,7350,$75 Gift Certificate,7500,False,,False
164896-280264,164896,$50 Gift Cert,5000,False,,False
164474-987597,164474,$25 Gift Cert,2500,False,,False
5519-835421,5519,$100 Gift Cert,10000,False,,False
172061-799798,172061,$75 Gift Certificate,7500,False,,False
151460-240723,151460,$75 Gift Certificate,7500,False,,False
141937-282023,141937,$75 Gift Certificate,7500,False,,False
164482-716565,164482,$50 Gift Cert,5000,False,,False
191803-275483,191803,$50 Gift Cert,5000,False,,False
14383-818646,14383,$75 Gift Certificate,7500,False,,False
168124-609046,168124,$50 Gift Cert,5000,False,,False
151579-630509,151579,$50 Gift Cert,5000,False,,False
141547-035760,141547,$50 Gift Cert,5000,False,,False
254626-111295,254626,$50 Gift Cert,5000,False,,False
46936-259921,46936,$75 Gift Certificate,7500,False,,False
164180-872132,164180,$50 Gift Cert,5000,False,,False
14718-364837,14718,$100 Gift Cert,10000,False,,False
25060-331903,25060,$50 Gift Cert,5000,False,,False
137877-578873,137877,$50 Gift Cert,5000,False,,False
5320-349424,5320,$100 Gift Cert,10000,False,,False
14924-707345,14924,$25 Gift Cert,2500,False,,False
164445-759360,164445,$50 Gift Cert,5000,False,,False
164445-027355,164445,$50 Gift Cert,5000,False,,False
145857-885087,145857,$100 Gift Cert,10000,False,,False
183100-204752,183100,$75 Gift Certificate,7500,False,,False
14217-467092,14217,$100 Gift Cert,10000,False,,False
189177-337005,189177,$75 Gift Certificate,7500,False,,False
168659-399642,168659,$75 Gift Certificate,7500,False,,False
4405-995597,4405,$50 Gift Cert,5000,False,,False
4405-287329,4405,$50 Gift Cert,5000,False,,False
62248-742619,62248,$50 Gift Cert,5000,False,,False
14894-752535,14894,$50 Gift Cert,5000,False,,False
14894-319538,14894,$50 Gift Cert,5000,False,,False
5217-586338,5217,$50 Gift Cert,5000,False,,False
141704-139822,141704,$25 Gift Cert,2500,False,,False
141704-989497,141704,$25 Gift Cert,2500,False,,False
138516-315319,138516,$75 Gift Certificate,7500,False,,False
331028-906578,331028,$100 Gift Cert,10000,False,,False
138476-339276,138476,$50 Gift Cert,5000,False,,False
138476-025766,138476,$50 Gift Cert,5000,False,,False
149477-003752,149477,$100 Gift Cert,10000,False,,False
139980-725208,139980,$25 Gift Cert,2500,False,,False
139980-275887,139980,$25 Gift Cert,2500,False,,False
332283-149612,332283,$50 Gift Cert,5000,False,,False
4846-724686,4846,$50 Gift Cert,5000,False,,False
4846-245636,4846,$50 Gift Cert,5000,False,,False
4846-534361,4846,$50 Gift Cert,5000,False,,False
4534-190680,4534,$75 Gift Certificate,7500,False,,False
4780-670445,4780,$50 Gift Cert,5000,False,,False
136495-033541,136495,$50 Gift Cert,5000,False,,False
139976-004771,139976,$50 Gift Cert,5000,False,,False
5225-259683,5225,$75 Gift Certificate,7500,False,,False
14729-082464,14729,$100 Gift Cert,10000,False,,False
139934-127797,139934,$50 Gift Cert,5000,False,,False
62413-717026,62413,$25 Gift Cert,2500,False,,False
62413-788032,62413,$25 Gift Cert,2500,False,,False
289940-530760,289940,$100 Gift Cert,10000,False,,False
15466-200713,15466,$25 Gift Cert,2500,False,,False
5088-458942,5088,$50 Gift Cert,5000,False,,False
5088-719123,5088,$50 Gift Cert,5000,False,,False
169790-170898,169790,$50 Gift Cert,5000,False,,False
14577-012091,14577,$50 Gift Cert,5000,False,,False
136265-892534,136265,$25 Gift Cert,2500,False,,False
136265-666131,136265,$25 Gift Cert,2500,False,,False
140985-218471,140985,$25 Gift Cert,2500,False,,False
36417-272347,36417,$50 Gift Cert,5000,False,,False
183778-194933,183778,$25 Gift Cert,2500,False,,False
14431-352243,14431,$100 Gift Cert,10000,False,,False
132471-013678,132471,$50 Gift Cert,5000,False,,False
132748-936161,132748,$100 Gift Cert,10000,False,,False
152262-184360,152262,$25 Gift Cert,2500,False,,False
152262-747719,152262,$25 Gift Cert,2500,False,,False
152262-047047,152262,$25 Gift Cert,2500,False,,False
144085-528461,144085,$50 Gift Cert,5000,False,,False
138289-757637,138289,$50 Gift Cert,5000,False,,False
139863-400932,139863,$50 Gift Cert,5000,False,,False
164443-550576,164443,$75 Gift Certificate,7500,False,,False
6310-777213,6310,$50 Gift Cert,5000,False,,False
133409-945419,133409,$50 Gift Cert,5000,False,,False
187199-595799,187199,$100 Gift Cert,10000,False,,False
4633-319977,4633,$100 Gift Cert,10000,False,,False
4633-321256,4633,$100 Gift Cert,10000,False,,False
142070-986907,142070,$50 Gift Cert,5000,False,,False
4594-363533,4594,$75 Gift Certificate,7500,False,,False
7361-407189,7361,$100 Gift Cert,10000,False,,False
136842-645474,136842,$25 Gift Cert,2500,False,,False
144584-292008,144584,$50 Gift Cert,5000,False,,False
12372-041259,12372,$75 Gift Certificate,7500,False,,False
253742-929517,253742,$50 Gift Cert,5000,False,,False
4454-353090,4454,$50 Gift Cert,5000,False,,False
136877-346875,136877,$50 Gift Cert,5000,False,,False
5612-998702,5612,$50 Gift Cert,5000,False,,False
141056-044121,141056,$75 Gift Certificate,7500,False,,False
14202-157636,14202,$25 Gift Cert,2500,False,,False
140097-188433,140097,$100 Gift Cert,10000,False,,False
4892-771572,4892,$50 Gift Cert,5000,False,,False
6915-459230,6915,$50 Gift Cert,5000,False,,False
6915-862432,6915,$100 Gift Cert,10000,False,,False
141711-607322,141711,$25 Gift Cert,2500,False,,False
138464-862975,138464,$75 Gift Certificate,7500,False,,False
138464-167873,138464,$75 Gift Certificate,7500,False,,False
164195-046432,164195,$25 Gift Cert,2500,False,,False
164195-801106,164195,$25 Gift Cert,2500,False,,False
164195-522839,164195,$25 Gift Cert,2500,False,,False
139403-777447,139403,$75 Gift Certificate,7500,False,,False
4767-543950,4767,$100 Gift Cert,10000,False,,False
58805-947816,58805,$75 Gift Certificate,7500,False,,False
139946-771970,139946,$50 Gift Cert,5000,False,,False
14727-398718,14727,$50 Gift Cert,5000,False,,False
14727-757995,14727,$50 Gift Cert,5000,False,,False
14727-196522,14727,$50 Gift Cert,5000,False,,False
219822-568537,219822,$50 Gift Cert,5000,False,,False
141457-035742,141457,$75 Gift Certificate,7500,False,,False
136293-172492,136293,$75 Gift Certificate,7500,False,,False
4083-791126,4083,$100 Gift Cert,10000,False,,False
141242-403379,141242,$50 Gift Cert,5000,False,,False
54350-630271,54350,$50 Gift Cert,5000,False,,False
286501-573105,286501,$100 Gift Cert,10000,False,,False
135449-183684,135449,$50 Gift Cert,5000,False,,False
255631-067419,255631,$50 Gift Cert,5000,False,,False
139717-061594,139717,$100 Gift Cert,10000,False,,False
5436-473689,5436,$100 Gift Cert,10000,False,,False
6811-436266,6811,$75 Gift Certificate,7500,False,,False
4647-313615,4647,$50 Gift Cert,5000,False,,False
136181-665823,136181,$75 Gift Certificate,7500,False,,False
243124-297785,243124,$50 Gift Cert,5000,False,,False
326869-916359,326869,$50 Gift Cert,5000,False,,False
135264-543044,135264,$100 Gift Cert,10000,False,,False
6393-626880,6393,$50 Gift Cert,5000,False,,False
140008-098651,140008,$50 Gift Cert,5000,False,,False
137658-928001,137658,$50 Gift Cert,5000,False,,False
136167-007125,136167,$50 Gift Cert,5000,False,,False
133755-433753,133755,$100 Gift Cert,10000,False,,False
139389-939389,139389,$50 Gift Cert,5000,False,,False
152275-620816,152275,$75 Gift Certificate,7500,False,,False
152275-753244,152275,$75 Gift Certificate,7500,False,,False
5494-450290,5494,$50 Gift Cert,5000,False,,False
181337-714345,181337,$50 Gift Cert,5000,False,,False
139194-492046,139194,$50 Gift Cert,5000,False,,False
138259-227098,138259,$25 Gift Cert,2500,False,,False
138259-206822,138259,$100 Gift Cert,10000,False,,False
219820-342603,219820,$100 Gift Cert,10000,False,,False
219820-396437,219820,$100 Gift Cert,10000,False,,False
219820-827188,219820,$100 Gift Cert,10000,False,,False
219820-469821,219820,$100 Gift Cert,10000,False,,False
151521-476640,151521,$25 Gift Cert,2500,False,,False
140581-730988,140581,$100 Gift Cert,10000,False,,False
138374-071661,138374,$50 Gift Cert,5000,False,,False
141693-494732,141693,$50 Gift Cert,5000,False,,False
14661-740848,14661,$100 Gift Cert,10000,False,,False
136681-690646,136681,$100 Gift Cert,10000,False,,False
15748-674343,15748,$50 Gift Cert,5000,False,,False
136420-785858,136420,$50 Gift Cert,5000,False,,False
6183-723600,6183,$100 Gift Cert,10000,False,,False
169389-335197,169389,$50 Gift Cert,5000,False,,False
252439-030645,252439,$50 Gift Cert,5000,False,,False
164491-852254,164491,$50 Gift Cert,5000,False,,False
141271-290231,141271,$100 Gift Cert,10000,False,,False
141271-377737,141271,$100 Gift Cert,10000,False,,False
145077-863326,145077,$50 Gift Cert,5000,False,,False
227452-369633,227452,$25 Gift Cert,2500,False,,False
164196-155417,164196,$50 Gift Cert,5000,False,,False
164196-999416,164196,$25 Gift Cert,2500,False,,False
256084-230897,256084,$50 Gift Cert,5000,False,,False
4723-009265,4723,$100 Gift Cert,10000,False,,False
164286-744839,164286,$100 Gift Cert,10000,False,,False
139857-279429,139857,$50 Gift Cert,5000,False,,False
144141-984103,144141,$25 Gift Cert,2500,False,,False
36371-493152,36371,$100 Gift Cert,10000,False,,False
142244-788260,142244,$50 Gift Cert,5000,False,,False
5527-836581,5527,$75 Gift Certificate,7500,False,,False
146973-863544,146973,$100 Gift Cert,10000,False,,False
135945-086993,135945,$50 Gift Cert,5000,False,,False
181120-499073,181120,$50 Gift Cert,5000,False,,False
4876-820281,4876,$75 Gift Certificate,7500,False,,False
136662-066887,136662,$50 Gift Cert,5000,False,,False
15940-367181,15940,$50 Gift Cert,5000,False,,False
14349-023253,14349,$75 Gift Certificate,7500,False,,False
164617-446204,164617,$100 Gift Cert,10000,False,,False
5586-242500,5586,$75 Gift Certificate,7500,False,,False
5586-274589,5586,$75 Gift Certificate,7500,False,,False
164478-106714,164478,$100 Gift Cert,10000,False,,False
254040-116123,254040,$50 Gift Cert,5000,False,,False
262013-609184,262013,$100 Gift Cert,10000,False,,False
141974-702442,141974,$75 Gift Certificate,7500,False,,False
139774-080416,139774,$50 Gift Cert,5000,False,,False
9887-236914,9887,$50 Gift Cert,5000,False,,False
9887-908204,9887,$100 Gift Cert,10000,False,,False
219821-607405,219821,$100 Gift Cert,10000,False,,False
4582-013418,4582,$75 Gift Certificate,7500,False,,False
287636-159888,287636,$50 Gift Cert,5000,False,,False
8388-671698,8388,$100 Gift Cert,10000,False,,False
135662-755347,135662,$75 Gift Certificate,7500,False,,False
320598-526012,320598,$50 Gift Cert,5000,False,,False
14759-108410,14759,$100 Gift Cert,10000,False,,False
336651-902922,336651,$50 Gift Cert,5000,False,,False
4849-725175,4849,$50 Gift Cert,5000,False,,False
62193-964388,62193,$100 Gift Cert,10000,False,,False
134741-943330,134741,$75 Gift Certificate,7500,False,,False
144196-507509,144196,$75 Gift Certificate,7500,False,,False
219650-081295,219650,$50 Gift Cert,5000,False,,False
328049-192051,328049,$50 Gift Cert,5000,False,,False
134759-442928,134759,$50 Gift Cert,5000,False,,False
14820-939571,14820,$50 Gift Cert,5000,False,,False
141100-631464,141100,$75 Gift Certificate,7500,False,,False
142220-205444,142220,$100 Gift Cert,10000,False,,False
15856-305968,15856,$25 Gift Cert,2500,False,,False
15856-610201,15856,$25 Gift Cert,2500,False,,False
15856-491849,15856,$25 Gift Cert,2500,False,,False
164598-589991,164598,$100 Gift Cert,10000,False,,False
256040-549102,256040,$100 Gift Cert,10000,False,,False
6637-043219,6637,$50 Gift Cert,5000,False,,False
5397-799997,5397,$50 Gift Cert,5000,False,,False
138314-784124,138314,$75 Gift Certificate,7500,False,,False
184816-548473,184816,$100 Gift Cert,10000,False,,False
5571-269075,5571,$100 Gift Cert,10000,False,,False
141303-253736,141303,$75 Gift Certificate,7500,False,,False
136078-205572,136078,$50 Gift Cert,5000,False,,False
164186-330560,164186,$25 Gift Cert,2500,False,,False
56019-013647,56019,$50 Gift Cert,5000,False,,False
6526-120831,6526,$50 Gift Cert,5000,False,,False
137892-153111,137892,$75 Gift Certificate,7500,False,,False
145571-657105,145571,$75 Gift Certificate,7500,False,,False
33409-405167,33409,$100 Gift Cert,10000,False,,False
132274-959784,132274,$75 Gift Certificate,7500,False,,False
5841-810557,5841,$100 Gift Cert,10000,False,,False
5841-793495,5841,$100 Gift Cert,10000,False,,False
178147-980128,178147,$50 Gift Cert,5000,False,,False
164212-814358,164212,$75 Gift Certificate,7500,False,,False
141445-966203,141445,$50 Gift Cert,5000,False,,False
139139-043619,139139,$50 Gift Cert,5000,False,,False
14195-298799,14195,$50 Gift Cert,5000,False,,False
180175-479328,180175,$100 Gift Cert,10000,False,,False
140096-735830,140096,$50 Gift Cert,5000,False,,False
138252-919988,138252,$100 Gift Cert,10000,False,,False
142094-533247,142094,$100 Gift Cert,10000,False,,False
138601-892937,138601,$50 Gift Cert,5000,False,,False
138601-162138,138601,$50 Gift Cert,5000,False,,False
138601-974873,138601,$50 Gift Cert,5000,False,,False
138601-197779,138601,$50 Gift Cert,5000,False,,False
138601-397917,138601,$50 Gift Cert,5000,False,,False
138601-467082,138601,$50 Gift Cert,5000,False,,False
169251-711534,169251,$100 Gift Cert,10000,False,,False
3355-632097,3355,$100 Gift Cert,10000,False,,False
134137-562406,134137,$75 Gift Certificate,7500,False,,False
15151-422653,15151,$25 Gift Cert,2500,False,,False
14715-587769,14715,$100 Gift Cert,10000,False,,False
140786-932008,140786,$100 Gift Cert,10000,False,,False
466868-442848,466868,Improv Course (8 weeks),25000,False,,False
450496-156336,450496,Improv Course (8 weeks),25000,False,,False
470396-712827,470396,Improv Course (8 weeks),25000,False,,False
470170-705885,470170,Improv Course (8 weeks),25000,False,,False
468205-481731,468205,Improv Course (8 weeks),25000,False,,False
469361-851012,469361,Improv Course (8 weeks),25000,False,,False
469538-392000,469538,Improv Course (8 weeks),25000,False,,False
